<?xml version="1.0"?>
<!--
Generated by VSdocman, see http://www.helixoft.com
-->
<doc>
  <assembly>
    <name>STR2TestDemo</name>
  </assembly>
  <members>
    <member name="N:STR2TestDemo">
    </member>
    <member name="T:STR2TestDemo.App">
      <summary>
App.xaml 的交互逻辑</summary>
    </member>
    <member name="T:STR2TestDemo.MainWindow">
      <summary>
MainWindow.xaml 的交互逻辑</summary>
    </member>
    <member name="M:STR2TestDemo.MainWindow.#ctor">
    </member>
  </members>
</doc>
